<?xml version="1.0" encoding="UTF-8" standalone="yes"?>
<addon id="plugin.video.icdrama" version="2.3.0" name="Icdrama" provider-name="aznhusband, dumbo0001, s_h, boleanly, mugol, General-Meow, cthlo">
  <requires>
    <import addon="script.module.html5lib" version="0.999.0"/>
    <import addon="script.module.beautifulsoup4" version="4.3.2"/>
    <import addon="script.module.requests" version="2.9.1"/>
    <import addon="script.module.resolveurl" version="5.1.0"/>
    <import addon="script.module.future" version="0.17.1" />
  </requires>
  <extension point="xbmc.python.pluginsource" library="addon.py">
    <provides>video</provides>
  </extension>
  <extension point="xbmc.addon.metadata">
    <summary>Dramas, shows, and movies from icdrama.se</summary>
    <description>Provides contents from icdrama.se. "Happy wife, happy life"</description>
    <disclaimer>This addon is not affiliated with icdrama.se</disclaimer>
    <platform>all</platform>
    <license>MIT License</license>
  </extension>
</addon>